id,title,annotator,Q1.1,Q1.2,Q1.3,Q1.3.1,Q1.4,Q1.5,Q1.6,Q1.7,Q1.7.1,Q1.7.1.2,Q2.8,Q2.9.1,Q2.9.2,Q2.10
329408c2-ae02-4f41-89a7-4b2d436c5990,Ultima giravolta sui vaccini. «VietareAstrazeneca a tutti»,ChatGPT4AsAnnotator,-1,-1,-1,-1,-1,-1,-1,-1,-1,-1,-1,-1,-1,-1
367975f9-7098-42a2-96e4-1cf4bfa33f6d,"Vaccini, attenzione all'ingorgo Over 40 allo start e tutti di rincorsa",ChatGPT4AsAnnotator,-1,-1,-1,-1,-1,-1,-1,-1,-1,-1,-1,-1,-1,-1
bb289c59-e569-4da3-b2d7-0d6be6c88265,"Covid, 480 contagi e 31 morti. L’allarme di Israele: «Pfizer protegge dalla variante Delta solo al 64%»",ChatGPT4AsAnnotator,-1,-1,-1,-1,-1,-1,-1,-1,-1,-1,-1,-1,-1,-1
fcc4a05d-d33b-4bdd-8af7-4077cfb2640a,"Lo scetticismo dei forti: i 150 anni di un filosofo dimenticato, Giuseppe Rensi",ChatGPT4AsAnnotator,-1,-1,-1,-1,-1,-1,-1,-1,-1,-1,-1,-1,-1,-1
df86ebbe-1672-4c99-8895-b0fe742ed00c,CSM ED I VERBALI DI AMARA: I SEGRETI DELLA NUOVA STAGIONE DI VELENI,ChatGPT4AsAnnotator,-1,-1,-1,-1,-1,-1,-1,-1,-1,-1,-1,-1,-1,-1
ea76f493-6b73-4938-82ad-1b9ab24be152,"Clint Eastwood, il regista più odiato dalle “fighette” di Hollywood",ChatGPT4AsAnnotator,-1,-1,-1,-1,-1,-1,-1,-1,-1,-1,-1,-1,-1,-1
e169c4f1-d5d3-45cd-877a-1e59ca4318a4,"""Ha ragione Salvini, ma non si può dire"": Pd nel caos",ChatGPT4AsAnnotator,-1,-1,-1,-1,-1,-1,-1,-1,-1,-1,-1,-1,-1,-1
ad89700a-da40-4c91-9f50-4d68d2bc3582,Senza via d’uscita se le correnti restano strumenti di potere,ChatGPT4AsAnnotator,-1,-1,-1,-1,-1,-1,-1,-1,-1,-1,-1,-1,-1,-1
de51e193-22de-4764-b9e7-83d699957b13,"Ddl Zan, dirigente Pd insulta Scalfarotto con un messaggio omofobo",ChatGPT4AsAnnotator,-1,-1,-1,-1,-1,-1,-1,-1,-1,-1,-1,-1,-1,-1
